{"indexes":[],"parameters":{"allowUserKeys":true,"cacheEnabled":false,"cid":"262","computedValues":null,"deleted":false,"globallyUniqueId":"h157978D6E7B/262","id":"262","internalValidatorType":0,"isDisjoint":false,"isSmart":false,"isSmartChild":false,"isSystem":false,"keyOptions":{"allowUserKeys":true,"type":"traditional","lastValue":18871},"minReplicationFactor":1,"name":"ast_parents","numberOfShards":1,"planId":"262","replicationFactor":1,"schema":null,"shardKeys":["_key"],"shards":{},"status":3,"syncByRevision":true,"type":3,"usesRevisionsAsDocumentIds":true,"version":9,"waitForSync":false,"writeConcern":1}}