{"indexes":[{"id":"241","type":"persistent","name":"idx_1833301479293714432","fields":["type"],"unique":false,"sparse":false,"deduplicate":true,"estimates":true,"cacheEnabled":true},{"id":"246","type":"persistent","name":"idx_1833301479297908736","fields":["label"],"unique":false,"sparse":false,"deduplicate":true,"estimates":true,"cacheEnabled":true},{"id":"251","type":"persistent","name":"idx_1833301479304200192","fields":["tree"],"unique":false,"sparse":false,"deduplicate":true,"estimates":true,"cacheEnabled":true}],"parameters":{"allowUserKeys":true,"cacheEnabled":false,"cid":"235","computedValues":null,"deleted":false,"globallyUniqueId":"h157978D6E7B/235","id":"235","internalValidatorType":0,"isDisjoint":false,"isSmart":false,"isSmartChild":false,"isSystem":false,"keyOptions":{"allowUserKeys":true,"type":"traditional","lastValue":0},"minReplicationFactor":1,"name":"ast_nodes","numberOfShards":1,"planId":"235","replicationFactor":1,"schema":null,"shardKeys":["_key"],"shards":{},"status":3,"syncByRevision":true,"type":2,"usesRevisionsAsDocumentIds":true,"version":9,"waitForSync":false,"writeConcern":1}}