{"indexes":[{"id":"231","type":"persistent","name":"idx_1833301479269597184","fields":["rootNode"],"unique":false,"sparse":false,"deduplicate":true,"estimates":true,"cacheEnabled":true}],"parameters":{"allowUserKeys":true,"cacheEnabled":false,"cid":"145","computedValues":null,"deleted":false,"globallyUniqueId":"h157978D6E7B/145","id":"145","internalValidatorType":0,"isDisjoint":false,"isSmart":false,"isSmartChild":false,"isSystem":false,"keyOptions":{"allowUserKeys":true,"type":"traditional","lastValue":0},"minReplicationFactor":1,"name":"ast_trees","numberOfShards":1,"planId":"145","replicationFactor":1,"schema":null,"shardKeys":["_key"],"shards":{},"status":3,"syncByRevision":true,"type":2,"usesRevisionsAsDocumentIds":true,"version":9,"waitForSync":false,"writeConcern":1}}