{"indexes":[{"id":"176","type":"persistent","name":"idx_1833301479186759680","fields":["name"],"unique":false,"sparse":false,"deduplicate":true,"estimates":true,"cacheEnabled":true},{"id":"181","type":"persistent","name":"idx_1833301479192002560","fields":["repository"],"unique":false,"sparse":false,"deduplicate":true,"estimates":true,"cacheEnabled":true},{"id":"186","type":"persistent","name":"idx_1833301479199342592","fields":["isDefault"],"unique":false,"sparse":false,"deduplicate":true,"estimates":true,"cacheEnabled":true}],"parameters":{"allowUserKeys":true,"cacheEnabled":false,"cid":"170","computedValues":null,"deleted":false,"globallyUniqueId":"h157978D6E7B/170","id":"170","internalValidatorType":0,"isDisjoint":false,"isSmart":false,"isSmartChild":false,"isSystem":false,"keyOptions":{"allowUserKeys":true,"type":"traditional","lastValue":0},"minReplicationFactor":1,"name":"branches","numberOfShards":1,"planId":"170","replicationFactor":1,"schema":null,"shardKeys":["_key"],"shards":{},"status":3,"syncByRevision":true,"type":2,"usesRevisionsAsDocumentIds":true,"version":9,"waitForSync":false,"writeConcern":1}}