{"indexes":[],"parameters":{"allowUserKeys":true,"cacheEnabled":false,"cid":"255","computedValues":null,"deleted":false,"globallyUniqueId":"h157978D6E7B/255","id":"255","internalValidatorType":0,"isDisjoint":false,"isSmart":false,"isSmartChild":false,"isSystem":false,"keyOptions":{"allowUserKeys":true,"type":"traditional","lastValue":18947},"minReplicationFactor":1,"name":"branch_commits","numberOfShards":1,"planId":"255","replicationFactor":1,"schema":null,"shardKeys":["_key"],"shards":{},"status":3,"syncByRevision":true,"type":3,"usesRevisionsAsDocumentIds":true,"version":9,"waitForSync":false,"writeConcern":1}}