{"indexes":[{"id":"206","type":"persistent","name":"idx_1833301479229751296","fields":["name"],"unique":false,"sparse":false,"deduplicate":true,"estimates":true,"cacheEnabled":true},{"id":"211","type":"persistent","name":"idx_1833301479236042752","fields":["fullPath"],"unique":false,"sparse":false,"deduplicate":true,"estimates":true,"cacheEnabled":true},{"id":"216","type":"persistent","name":"idx_1833301479244431360","fields":["hash"],"unique":false,"sparse":false,"deduplicate":true,"estimates":true,"cacheEnabled":true},{"id":"221","type":"persistent","name":"idx_1833301479254917120","fields":["commit"],"unique":false,"sparse":false,"deduplicate":true,"estimates":true,"cacheEnabled":true},{"id":"226","type":"persistent","name":"idx_1833301479262257152","fields":["parent"],"unique":false,"sparse":false,"deduplicate":true,"estimates":true,"cacheEnabled":true}],"parameters":{"allowUserKeys":true,"cacheEnabled":false,"cid":"200","computedValues":null,"deleted":false,"globallyUniqueId":"h157978D6E7B/200","id":"200","internalValidatorType":0,"isDisjoint":false,"isSmart":false,"isSmartChild":false,"isSystem":false,"keyOptions":{"allowUserKeys":true,"type":"traditional","lastValue":0},"minReplicationFactor":1,"name":"commit_files","numberOfShards":1,"planId":"200","replicationFactor":1,"schema":null,"shardKeys":["_key"],"shards":{},"status":3,"syncByRevision":true,"type":2,"usesRevisionsAsDocumentIds":true,"version":9,"waitForSync":false,"writeConcern":1}}