{"indexes":[{"id":"161","type":"persistent","name":"idx_1833301479155302400","fields":["owner"],"unique":false,"sparse":false,"deduplicate":true,"estimates":true,"cacheEnabled":true},{"id":"166","type":"persistent","name":"idx_1833301479162642432","fields":["name"],"unique":false,"sparse":false,"deduplicate":true,"estimates":true,"cacheEnabled":true}],"parameters":{"allowUserKeys":true,"cacheEnabled":false,"cid":"139","computedValues":null,"deleted":false,"globallyUniqueId":"h157978D6E7B/139","id":"139","internalValidatorType":0,"isDisjoint":false,"isSmart":false,"isSmartChild":false,"isSystem":false,"keyOptions":{"allowUserKeys":true,"type":"traditional","lastValue":0},"minReplicationFactor":1,"name":"repositories","numberOfShards":1,"planId":"139","replicationFactor":1,"schema":null,"shardKeys":["_key"],"shards":{},"status":3,"syncByRevision":true,"type":2,"usesRevisionsAsDocumentIds":true,"version":9,"waitForSync":false,"writeConcern":1}}