{"indexes":[{"id":"156","type":"persistent","name":"idx_1833301479137476608","fields":["username"],"unique":false,"sparse":false,"deduplicate":true,"estimates":true,"cacheEnabled":true}],"parameters":{"allowUserKeys":true,"cacheEnabled":false,"cid":"150","computedValues":null,"deleted":false,"globallyUniqueId":"h157978D6E7B/150","id":"150","internalValidatorType":0,"isDisjoint":false,"isSmart":false,"isSmartChild":false,"isSystem":false,"keyOptions":{"allowUserKeys":true,"type":"traditional","lastValue":1029},"minReplicationFactor":1,"name":"users","numberOfShards":1,"planId":"150","replicationFactor":1,"schema":null,"shardKeys":["_key"],"shards":{},"status":3,"syncByRevision":true,"type":2,"usesRevisionsAsDocumentIds":true,"version":9,"waitForSync":false,"writeConcern":1}}